headline,abstract,pub_date,section,sentiment_analysis
A $100 Million Bet on Finding the Next ‘Mr. Beast’,"Reed Duchscher, the manager of the YouTube megastar “Mr. Beast,” is teaming up with the investment firm TCG to bankroll businesses led by online creators.",2022-09-13,Business Day,-0.2
Why You Should Decorate Your Hallway (and How to Get Started),"When you’re furnishing your home, it’s easy to focus on larger rooms and overlook the hall. Here’s why that’s a mistake.",2022-09-13,Real Estate,0.21666666666666667
Markets Plunge as Inflation Data Undercuts Wall Street’s Optimism,"Stocks plunged, government bond yields soared and the dollar bounced after investors were wrong-footed by a report showing stubbornly high price increases last month.",2022-09-13,Business Day,0.08
"Inflation Remained Stubbornly High in August, Rattling Consumers and Investors","Overall inflation moderated less than anticipated, and a closely watched measure of price pressures jumped, bad news for the Federal Reserve.",2022-09-13,Business Day,-0.2888888888888888
"Inflation Explained: The Good, the Bad and the Uncertain","Amid hopeful signs that U.S. inflation was about to cool off, Tuesday’s Consumer Price Index report underlined the risks that it could remain high.",2022-09-13,Business Day,0.255
"U.S. Gas Prices Have Fallen for 91 Straight Days, a Relief for Consumers",The steady decline is also a welcome development for policymakers trying to cool off the economy.,2022-09-13,Business Day,0.4388888888888889
Twitter Whistle-blower Is Set to Testify in Washington,"Elon Musk’s legal team will follow closely the testimony of Twitter’s former head of security, Peiter Zatko, before the Senate Judiciary Committee.",2022-09-13,Business Day,0.1
‘The Future of Hospitals’: Flexible Space for the Next Pandemic,"After struggling to respond to a crushing Covid caseload, many hospitals are remodeling so that when the next crisis comes, they’ll be better able to meet it.",2022-09-13,Business Day,0.38
"Pandemic Aid Cut U.S. Poverty to New Low in 2021, Census Bureau Reports",A measure that accounts for all federal subsidies also showed a reduction of almost half in the number of children below the poverty level.,2022-09-13,Business Day,-0.16666666666666666
How Is the Economy Doing?,"Most of the economy appears to be doing well, but slowing down — all while the latest trends don’t look like recessions of the past.",2022-09-13,Business Day,0.1486111111111111
Whistle-Blower Says Twitter ‘Chose to Mislead’ on Security Flaws,"At a Senate hearing, Peiter Zatko, Twitter’s former head of security, told lawmakers that the company lied about its data practices.",2022-09-13,Technology,0.0
Celsius Network Plots a Comeback After a Crypto Crash,"The chief executive of the experimental crypto bank Celsius has told employees about an audacious plan to revive the firm, which filed for bankruptcy in July.",2022-09-13,Technology,-0.05
Markets plunge on higher-than-expected inflation numbers.,Stocks plummeted and government bond yields jumped higher as investors were wrong-footed by data showing stubbornly high price increases last month.,2022-09-13,Business Day,0.1366666666666667
Warner Bros. Discovery Faces More Rounds of Layoffs,Executives signaled that job cuts would be coming after WarnerMedia and Discovery merged in April.,2022-09-13,Business Day,0.0
Did Hurricanes Sandy and Ida Damage Your House or Apartment?,We want to hear the stories of people in the New York City metro area who were affected by both storms.,2022-09-13,Real Estate,0.13636363636363635
Emmys Viewership Drops to a New Low,"About 5.9 million people tuned in to watch the ceremony, according to Nielsen.",2022-09-13,Business Day,0.0
U.S. Rebukes Russia for Claims of Secret Bioweapons in Ukraine,Russia used a formal meeting in Geneva to air its unsupported accusations but faced considerable diplomatic pushback.,2022-09-13,Technology,0.1
"Starbucks Shares Shift in Strategy, to Automation and Expansion",The coffee giant intends to speed up drink-making and open thousands of additional locations in China over the next three years.,2022-09-13,Business Day,0.0
Starbucks Union Leader Says Company Forced Her Out,Jaz Brisack said her employer had refused to accommodate her scheduling requests. Starbucks said it sought to balance requests against business needs.,2022-09-14,Business Day,0.0
Britain’s Inflation Rate Slows Slightly to 9.9 Percent,"But prices are still rising at about the fastest pace in 40 years, and an increase in core inflation will keep the pressure on the central bank to raise interest rates.",2022-09-14,Business Day,0.0
"Social Security’s Cost-of-Living Increase Will Be Largest in Four Decades, an Estimate Says","Retirees will learn the amount of the increase for 2023 in October, and the current estimate is that it will be 8.7%.",2022-09-14,Business Day,0.0
Text Messaging Is Cool. But Where Are Its Boundaries?,"Apple and Google have added useful features to texting apps, yet the apps still lack a major component: an effective way to set limits.",2022-09-14,Technology,0.3208333333333333
"Living In ... Dutch Kills, Queens",Sandwiched between Astoria and Long Island City — and often overlooked because of it — this formerly sleepy industrial area is looking at big changes.,2022-09-14,Real Estate,-0.016666666666666666
"Dutch Kills, Queens: Low-Key and Low-Slung, but Not for Much Longer",Sandwiched between Astoria and Long Island City — and often overlooked because of it — this formerly sleepy industrial area is looking at big changes.,2022-09-14,Real Estate,-0.016666666666666666
How a Spreader of Voter Fraud Conspiracy Theories Became a Star,"For more than a decade, Catherine Engelbrecht, a Texas mom turned election-fraud crusader, has sown doubts about ballots and voting. Her patience has paid off.",2022-09-14,Technology,0.5
An Old Finca With New Life on Ibiza,"This updated six-bedroom country home in the center of Ibiza, one of the Balearic Islands of Spain, is on the market for $4.65 million.",2022-09-14,Real Estate,-0.1
House Hunting in Spain: An Updated Finca With Guesthouse on Ibiza,"The Balearic Islands archipelago was Spain’s most-visited province last year, with international buyers arriving to compete for a range of homes.",2022-09-14,Real Estate,0.0
E.U. Scores Major Legal Victory Against Google,A court rejected Google’s appeal of a record-setting antitrust fine related to Android and online search.,2022-09-14,Business Day,0.20833333333333334
Decoding the Surprise Inflation Report,A stubbornly high inflation reading has divided experts on what the Fed should do when it weighs another interest rate hike next week.,2022-09-14,Business Day,0.08
"Ostracized by the West, Russia Finds a Partner in Saudi Arabia",The two oil-producing countries have extended their partnership even as the United States and Europe have sought to punish and isolate Russia for invading Ukraine.,2022-09-14,Business Day,0.0
California Files Antitrust Lawsuit Against Amazon,"Rob Bonta, California’s attorney general, said the retailer punishes companies that offer lower prices on other websites.",2022-09-14,Technology,-0.03749999999999999
How a Rail Strike Could Wreak Havoc on the American Supply Chain,"If freight trains stop rolling, the result could be chaos for business, shortages for consumers, and fresh momentum for rising prices.",2022-09-14,Business Day,0.3
Amtrak Halts Long-Distance Service Over Freight Rail Labor Dispute,The passenger railroad said trains would operate only if they could complete trips by 12:01 a.m. Friday. Most Northeast Corridor service will continue.,2022-09-14,Business Day,0.19999999999999998
Lawmakers Grill TikTok Executive About Ties to China,"TikTok’s chief operating officer, Vanessa Pappas, faced questions about whether the company would ever hand over user data to Chinese officials.",2022-09-14,Technology,0.0
Crypto’s Long-Awaited ‘Merge’ Reaches the Finish Line,"Ethereum, the most popular cryptocurrency platform, completed its much-anticipated switch to a more energy-efficient infrastructure.",2022-09-15,Technology,0.5333333333333333
What We Know About the Railroad Labor Deal,"A tentative deal averted a strike by tens of thousands of rail workers, breaking an impasse in negotiations over sick time and working conditions.",2022-09-15,Business Day,-0.7142857142857143
Seeking a ‘One-Bedroom With the Basics’ in Brooklyn or Manhattan. Which Would Be More Affordable?,"After years in a cramped West Village rental, a couple took their time finding the first home of their very own, with an eye on a feasible monthly outlay. Here’s what they found.",2022-09-15,Real Estate,0.515
Is That Bathroom Remodel Worth It?,Your return on investment will be affected by where you live and the scope of your renovation project.,2022-09-15,Real Estate,0.13636363636363635
Trump Media’s Merger Delay Puts $1 Billion Financing Deal in Doubt,"An agreement with hedge funds and other wealthy investors is set to expire soon, and they could walk away from the upstart social media company if conditions are not met.",2022-09-15,Business Day,0.1361111111111111
"Janet Yellen Pledges 5,000 New I.R.S. Hires to Bolster Taxpayer Responsiveness",The Treasury secretary gave remarks at a Maryland I.R.S. facility as the agency begins an $80 billion overhaul.,2022-09-15,Business Day,0.0
This Ad’s for You (Not Your Neighbor),"Data mining plus streaming can target political ads household by household, largely unregulated.",2022-09-15,Business Day,0.10714285714285714
New Inflation Developments Are Rattling Markets and Economists. Here’s Why.,Inflation is less about pandemic and war surprises and more about economic momentum. That could make the solution more painful.,2022-09-15,Business Day,0.0666666666666667
"What You Get for $400,000","A Tudor Revival cottage in Dallas; a 1950 house in Minnetonka, MInn.; and an 1890 Arts-and-Crafts home in Branford, Conn.",2022-09-15,Real Estate,0.0
"$400,000 Homes in Texas, Minnesota and Connecticut","A Tudor Revival cottage in Dallas, a 1950 house in Minnetonka and an 1890 Arts and Crafts-style home in Branford.",2022-09-15,Real Estate,0.0
Railroad Unions and Companies Reach a Tentative Deal to Avoid a Strike,President Biden praised the agreement as a “big win” for workers and the rail companies.,2022-09-15,Business Day,0.4
"Shell’s Chief Executive, Ben van Beurden, to Step Down","Wael Sawan, who spent most of his career on the oil and gas side of Shell before moving recently to its liquefied natural gas and renewable energy unit, will take over Europe’s largest energy company.",2022-09-15,Business Day,0.125
An 11th-Hour Deal to Avert Rail Chaos,Negotiators reached a tentative agreement that is poised to avoid a debilitating nationwide rail strike.,2022-09-15,Business Day,0.0
Amtrak Is Scrambling to Restore Trains It Had Canceled,The rail service had started canceling all long-distance passenger trains on Wednesday because of the possible work stoppage on freight railroads.,2022-09-15,Business Day,0.0
CNN Overhauls Its Morning Show,"The morning slot will be hosted by Don Lemon, Poppy Harlow and Kaitlan Collins. The move leaves open Mr. Lemon’s prime-time slot.",2022-09-15,Business Day,0.0
Can ‘the Merge’ Save Crypto?,Many fans think it will. But it might end up creating some new problems.,2022-09-15,Technology,0.3181818181818182
The Road Ahead,The owner of a used car dealership tries to predict the future of used cars.,2022-09-15,Business Day,-0.05
On the Market in New York City,"This week’s properties are in Park Slope, East Harlem and Chelsea.",2022-09-15,Real Estate,0.0
Homes for Sale in Brooklyn and Manhattan,"This week’s properties are in Park Slope, East Harlem and Chelsea.",2022-09-15,Real Estate,0.0
On the Market in the New York Region,"This week’s properties are a four-bedroom in Fairfield, Conn., and a five-bedroom in East Hills, N.Y.",2022-09-15,Real Estate,0.0
Homes for Sale in Connecticut and New York,"This week’s properties are a four-bedroom house in Fairfield, Conn., and a five-bedroom house in East Hills, N.Y.",2022-09-15,Real Estate,0.0
"Adobe Agrees to Buy Figma, a Design Platform, for $20 Billion",The acquisition comes as deal-making in the United States cools and technology company valuations fall amid rising fears of a possible recession.,2022-09-15,Business Day,0.0
Mortgage Rates Jump Above 6% for First Time Since 2008,They have been on the rise since the start of the year as the Federal Reserve has affirmed its commitment to tame soaring inflation.,2022-09-15,Business Day,-0.21666666666666667
Justice Department seeks to entice companies to be better corporate citizens.,"The agency is trying to motivate more people to come forward, through the promise of leniency or other benefits, to identify wrongdoing.",2022-09-15,Business Day,0.1875
Workers Say Railroads’ Efficiency Push Became Too Much,Employees say the inflexibility of scheduling upended their personal lives. The companies say they maintained service while using fewer resources.,2022-09-15,Business Day,0.0
California Governor Signs Sweeping Children’s Online Safety Bill,"The bill could require many social media sites, games and other online services used by children to install protections for minors.",2022-09-15,Business Day,0.1361111111111111
Hip-Hop Mogul and Gap Officially End Their Partnership,"The Yeezy Gap apparel line deal, announced with much fanfare in 2020, was supposed to last 10 years and generate $1 billion in annual sales.",2022-09-15,Business Day,0.1
"FedEx Slashes Earnings Forecast, Citing Slowdowns in Asia and Europe","The shipping giant warned of a $500 million revenue shortfall ahead of its quarterly financial results next week, hitting its stock price hard.",2022-09-15,Business Day,-0.07291666666666667
Uber Investigating Breach of Its Computer Systems,The company said on Thursday that it was looking into the scope of the apparent hack.,2022-09-16,Technology,0.05
YouTube Opens More Pathways for Creators to Make Money on the Platform,"The video platform will let more creators earn payments and place ads in Shorts, its TikTok competitor, according to audio from an internal meeting.",2022-09-16,Technology,0.25
What Price Is Right? Why Capping Russian Oil Is Complicated.,Officials from the Group of 7 are striving to strike a delicate balance that encourages Russia to keep pumping oil but to sell it at a discount.,2022-09-16,Business Day,-0.3
Britain’s Spending and Tax Cut Plans Worry Investors in Its Debt,"Simultaneous declines in bonds, stocks and the pound could set the stage for rising borrowing costs and persistent inflation.",2022-09-16,Business Day,0.0
"As Driverless Cars Falter, Are ‘Driver Assistance’ Systems in Closer Reach?","With investigations and lawsuits over accidents adding skepticism toward fully driverless technology, car companies are betting on systems that take some, but not all, control.",2022-09-16,Business Day,0.0
TikTok’s C.E.O. Navigates the Limits of His Power,"Shou Zi Chew, TikTok’s chief executive, is balancing how to be an autonomous leader while juggling the demands of the app’s Chinese parent company.",2022-09-16,Technology,0.2
"For Gen Z, TikTok Is the New Search Engine",Need to find a restaurant or figure out how to do something? Young people are turning to TikTok to search for answers. Google has noticed.,2022-09-16,Technology,0.1
‘A Kitchen for the Kitchen’,"The back kitchen, in essence a pantry on overdrive, has become increasingly popular among wealthier homeowners in recent years, according to architects, designers and homebuilders.",2022-09-16,Real Estate,0.19999999999999998
"Germany Takes Over Russian Oil Subsidiary, Securing a Key Refinery","Berlin placed the German subsidiary of Russia’s Rosneft in a trust, a step aimed at maintaining energy supplies.",2022-09-16,Business Day,0.0
"Philanthropy, the Billionaires’ Way",Patagonia founder Yvon Chouinard’s decision to give away billions to fight climate change was made possible by an increasingly popular tax maneuver.,2022-09-16,Business Day,0.3
Hundreds of Flights in France Canceled as Air Traffic Control Workers Strike,"More than 400 flights departing from or arriving to Paris Charles de Gaulle and Paris Orly airports had been canceled, and about 200 had been delayed, by midday on Friday.",2022-09-16,Business Day,0.5
"Russia’s Central Bank Cuts Rates Again, Citing Weak Consumer Demand","The bank reduced its key rate by half of a percentage point, to 7.5 percent. Last spring, the rate was 20 percent.",2022-09-16,Business Day,-0.05555555555555555
Need Your Money Now? The Markets Aren’t Helping.,"The rout in the stock and bond markets has been especially rough on people paying for college, retirement or a new home. Our columnist has some advice.",2022-09-16,Business Day,-0.03181818181818183
Stocks Slide in One of Wall Street’s Worst Weeks This Year,Pessimism is deepening as bellwether companies like FedEx and General Electric warn of worsening economic and business conditions.,2022-09-16,Business Day,0.125
"At eBay, Lurid Crimes and the Search for Punishment",The victims of a bizarre cyberstalking operation are trying to hold the chief executive and the culture of the company responsible.,2022-09-16,Technology,0.30000000000000004
When the Water Cooler Is a Perk,"Yes, you deserve a way to stay hydrated at the office. No, your boss isn’t crossing a line by calling you during the work day.",2022-09-16,Business Day,0.0
"Lowry Mays, Who Revolutionized the Radio Industry, Dies at 87","He built his company, Clear Channel Communications, from a single struggling station into one of the world’s biggest media empires.",2022-09-16,Business Day,0.014285714285714297
How LinkedIn Became a Place to Overshare,"“This isn’t Facebook,” users complain. But others are finding it a valuable place to talk about much more than work.",2022-09-16,Business Day,0.5
Uber Boss Testifies He ‘Could Not Trust’ Ex-Security Chief,"Dara Khosrowshahi is a star witness at the trial of Joe Sullivan, who has been accused of obstructing justice for failing to disclose the 2016 breach.",2022-09-16,Business Day,0.0
"Herbert Kohler, Plumbing Mogul Who Created a Golf Mecca, Dies at 83","The billionaire chief of a family company known for its bathtubs, toilets and faucets, he brought championship play to a tiny Wisconsin town.",2022-09-16,Business Day,0.0
A federal court clears the way for a Texas social media law.,"The law, which had been blocked by a lower court, makes it possible to sue large social media platforms for taking down political viewpoints.",2022-09-17,Business Day,0.0184126984126984
Can My Landlord Charge for Spare Keys?,"It seems simple enough to hold spare keys for tenants at the front desk, but if one goes missing it can create security headaches.",2022-09-17,Real Estate,-0.06666666666666667
A Fight Over Nantucket’s Bluff Pits Neighbor Against Neighbor,"In an increasingly litigious conflict, the island’s residents are clashing over how to deal with the effects of climate change: Push back or accept what’s coming?",2022-09-17,Real Estate,0.0
Cracking Down on a Wall Street Trend: E.S.G. Makeovers,"In recent years, financial firms have revamped dozens of mutual funds into E.S.G. dedicated funds — seeking to cash in on growing demand for such investments.",2022-09-17,Business Day,0.0
The Queen Is Everywhere. What Will the Royal Makeover Cost?,"Elizabeth II appears on postal boxes, stamps and coins. But placing Charles's visage on these items might not be the huge expense one would expect.",2022-09-18,Business Day,0.4000000000000001
"Student Loan Subsidies Could Have Dangerous, Unintended Side Effects",Experts worry that aspects of President Biden’s debt relief plan could lure unscrupulous schools and unknowing students.,2022-09-18,Business Day,0.0
Apple Shot an Oscar Contender Starring Will Smith. That Was Before the Slap.,"The Civil War drama “Emancipation” finished filming early this year. Now, Apple faces a quandary on what to do with the movie.",2022-09-18,Business Day,0.1
"Homes That Sold for $545,000 or Less",Recent residential sales in New York City and the region.,2022-09-18,Real Estate,0.06818181818181818
"In New York City, the Demand for New Developments Is Bouncing Back","But everything is not as it was, with Covid both accelerating some nascent trends and pushing builders in new directions.",2022-09-18,Real Estate,0.13636363636363635
The Week in Business: Rail Strike Averted,Higher-than-expected inflation in August rattled financial markets. The Federal Reserve is expected to approve another big rate increase. But Social Security recipients have a reason to cheer.,2022-09-18,Business Day,-0.01666666666666667
"Clearview AI, Used by Police to Find Criminals, Is Now in Public Defenders’ Hands","After a Florida man was accused of vehicular homicide, his lawyer used Clearview AI’s facial recognition software to prove his innocence. But other defense lawyers say Clearview’s offer rings hollow.",2022-09-18,Technology,-0.075
"Wegmans Discontinues Self-Checkout App, Citing Losses","Self-checkout systems are intended to make shopping convenient, but they also can lead to more thefts, experts said.",2022-09-18,Business Day,0.5
"Railroads’ Strategy Thrilled Wall Street, but Not Customers and Workers",Freight railways pushed to streamline their operations and improve their profit margins. Critics say the approach left the system stretched thin.,2022-09-19,Business Day,-0.15
Food Supply Disruption Is Another Front for Russian Falsehoods,"As the war in Ukraine has put pressure on the global markets for food, Russia has spread conspiracy theories that blame the West.",2022-09-19,Business Day,0.0
‘Crippling’ Energy Bills Force Europe’s Factories to Go Dark,Manufacturers are furloughing workers and shutting down lines because they can’t pay the gas and electric charges.,2022-09-19,Business Day,-0.15555555555555559
Warnings Signs Multiply Ahead of Pivotal Fed Meeting,"Economists expect the Federal Reserve to raise interest rates by 75 basis points this week, adding to fears a recession is coming.",2022-09-19,Business Day,0.0
McDonald’s Begins to Reopen Restaurants in Ukraine This Week,"Three outlets will open in Kyiv for delivery, before a wider reopening in the capital and west of the country over the next two months.",2022-09-19,Business Day,0.0
Zelensky Meets With BlackRock Chief to Discuss Reconstruction Fund,The world’s largest asset manager advised Ukraine on how to revive the country’s shattered economy by attracting public and private investment.,2022-09-19,Business Day,0.0
Shopping for Brooms,Why do you need a well-designed broom? Because you’re more likely to use it.,2022-09-19,Real Estate,0.25
What You Get for $2.5 Million in California,"A 1905 bungalow in Berkeley designed by Julia Morgan, a three-bedroom ranch house in Los Angeles and a midcentury-modern home in Cupertino.",2022-09-19,Real Estate,0.0
$2.5 Million Homes in California,"A 1905 bungalow in Berkeley designed by the architect Julia Morgan, a three-bedroom ranch house in Los Angeles and a midcentury-modern home in Cupertino.",2022-09-19,Real Estate,0.0
Volkswagen Sets Price Range for Porsche’s Blockbuster I.P.O.,The public offering values the luxury sports car maker at up to $75 billion.,2022-09-19,Business Day,0.0
Wall Street Is on Edge as It Tries to Guess What the Fed Is Thinking,"Ahead of a pivotal Federal Reserve meeting on Wednesday, prominent investors and business leaders have warned that the worst may be yet to come for the markets.",2022-09-19,Business Day,0.0
"Nissan Recalls Over 203,000 Pickups That May Roll Away While Parked","Owners of Nissan Titan and Frontier pickups should use the parking brake, the company and the National Highway Traffic Safety Administration said.",2022-09-19,Business Day,0.0
"Social Media Companies Still Boost Election Fraud Claims, Report Says","The report, by New York University’s Stern Center for Business and Human Rights, argues that the companies fuel false conspiracies about election fraud despite promises to combat them.",2022-09-19,Technology,-0.09090909090909094
Ford Says It Will Spend $1 Billion More in Third Quarter Because of Supply Chain Problems,The automaker said shortages of parts are continuing to hurt its ability to make and sell vehicles.,2022-09-19,Business Day,0.0
Norway’s $1.2 Trillion Investment Fund Sets 2050 Climate Target,"The “net zero” carbon goal aligns the fund, which has stakes in over 9,000 companies, with many other large asset managers.",2022-09-20,Business Day,0.14732142857142858
How a Quebec Lithium Mine May Help Make Electric Cars Affordable,The project also illustrates how difficult it is to get lithium out of the ground and break China’s dominance in processing the metal and turning it into batteries.,2022-09-20,Business Day,-0.5
"YouTube’s Dislike Button Rarely Shifts Recommendations, Researchers Say",New research from Mozilla shows YouTube users have little control over what is recommended to them.,2022-09-20,Technology,-0.025568181818181823
What Comes Next in the Fed’s Fight Against Inflation?,"Wall Street will watch the central bank’s economic forecasts closely on Wednesday, when another jumbo-size rate increase is expected.",2022-09-20,Business Day,0.03333333333333333
A Buyer With a Vision Builds Her Own Hamptons Home,Dismayed by overpriced Hamptons real estate — ‘and nothing was really what I wanted’ — she decided to build her own house instead of buying one.,2022-09-20,Real Estate,0.3333333333333333
One Frustrated Hamptons Buyer Opts for an Alternative: Build It Yourself,Dismayed by overpriced Hamptons real estate — ‘and nothing was really what I wanted’ — she decided to design her own house instead of buying one.,2022-09-20,Real Estate,0.3333333333333333
An Anti-E.S.G. Activist Takes on Apple and Disney,A prominent critic of investing that factors in climate and social considerations wants to use shareholder pressure to refocus companies on profits.,2022-09-20,Business Day,0.24444444444444446
"To Expand, Arts Centers Seek to Build Their Own Community","Hoping to firm up finances or secure a permanent home, museums and theater groups across the nation are teaming up with developers to add housing, retail and restaurants to their sites.",2022-09-20,Business Day,0.1
Maker of the Theragun Massage Device Raises $165 Million,"Therabody will use the money to invest in digital content and acquisitions, and is set to announce new products.",2022-09-20,Business Day,0.06818181818181818
"Chamath Palihapitiya, a ‘SPAC King,’ Will Wind Down Two Funds",Interest in special purpose acquisition companies has waned as the fear of rising inflation pushes investors toward more conservative assets.,2022-09-20,Business Day,0.4285714285714286
"NBC Revives Tarnished Golden Globe Telecast, Citing Reforms","The company said it was bringing the awards show back under a one-year agreement, to be broadcast on Jan. 10 and streaming on Peacock.",2022-09-20,Business Day,0.0
"Bill, Hillary and Chelsea Clinton Return to Center Stage. Their Own.","After going dark during Hillary Clinton’s 2016 presidential campaign, the Clinton Global Initiative is back.",2022-09-20,Business Day,-0.049999999999999996
European Interest in China Investments Wanes,"Spending by European companies on new factories and other “greenfield” investments, long a key source of capital and technology for the Chinese economy, is falling steeply.",2022-09-21,Business Day,-0.006439393939393942
German Government Nationalizes Uniper in Move to Secure Energy Supply,"The utility company, once Germany’s largest importer of Russian gas, has been squeezed since Moscow cut the flow of the fuel, leading to a full takeover.",2022-09-21,Business Day,0.175
U.S. Gas Prices End Streak of Declines Just Short of 100 Days,"Falling fuel costs have recently helped temper overall inflation, but the effect may be waning.",2022-09-21,Business Day,0.0
What’s Next for Profits? Cars Shed Light on a Key Inflation Question.,How easily companies give up swollen profits could determine how easily the Federal Reserve can cool inflation. Dealerships offer clues.,2022-09-21,Business Day,0.4055555555555556
What to Do if You See a Spongy Moth (or Its Very Hungry Caterpillars),The invasive spongy moth and its caterpillars can decimate a garden. Here’s how to fight back.,2022-09-21,Real Estate,0.0
How a Looming Oil Ban Could Devastate a Small Italian City,"Italy’s largest refinery, owned by Russia’s Lukoil, has lost financing because of sanctions. Now, it faces the cutoff of its crude supply, putting thousands of jobs at risk.",2022-09-21,Business Day,-0.7
For Sale: A Compact Chateau in Southwest France,"This 19th-century, Tudor-style manor on nearly 20 forested acres outside the French city of Bergerac is on the market for $3.24 million.",2022-09-21,Real Estate,0.03333333333333333
House Hunting in France: A 19th-Century Chateau Outside Bergerac,"The rural Dordogne department of France “remains the most sought-after of French countryside house-buying destinations,” agents say.",2022-09-21,Real Estate,0.16666666666666666
What You Get for $1.1 Million,"An 1861 house in New Hope, Pa.; a Craftsman bungalow in Portland, Ore.; and a converted 1794 schoolhouse in Greensburg, Ky.",2022-09-21,Real Estate,0.13636363636363635
"$1.1 Million Homes in Pennsylvania, Oregon and Kentucky","An 1861 house in New Hope, a Craftsman bungalow in Portland and a converted 1794 schoolhouse in Greensburg.",2022-09-21,Real Estate,0.13636363636363635
"‘We’re on That Bus, Too’: In China, a Deadly Crash Triggers Covid Trauma","A bus heading to a quarantine facility crashed, killing 27. The Chinese public saw itself in the victims: a country being held hostage by the government’s harsh policy.",2022-09-21,Business Day,-0.06666666666666667
U.K. Cuts Energy Bills for Companies Through Winter,"After freezing energy bills for households, the British government said it would “stop businesses collapsing” by limiting an expected rise in the price of electricity and natural gas.",2022-09-21,Business Day,0.0
Banking C.E.O.s Face a Grilling on Capitol Hill,"The chief executives of JPMorgan Chase, Bank of America and Citigroup are among the Wall Street leaders set to testify in Washington.",2022-09-21,Business Day,0.0
The Settings That Make Smartphones Easier for Everyone to Use,The accessibility features Apple and Google include in their mobile software can help people of all abilities get more from their devices.,2022-09-21,Technology,0.5
"Living In ... Ansonia, Conn.","This former manufacturing center in New Haven County is gaining popularity with New Yorkers, thanks to its affordability and access to Metro-North.",2022-09-21,Real Estate,0.07454545454545454
"Ansonia, Conn.: A Small City With a Sense of History","This former manufacturing center in New Haven County is gaining popularity with New Yorkers, thanks to its relative affordability and access to Metro-North.",2022-09-21,Real Estate,0.06212121212121211
How to Read the Fed’s Projections Like a Pro,"Yes, the Federal Reserve raised rates on Wednesday. But Wall Street is focused on what the Fed has planned for the rest of this year and beyond.",2022-09-21,Business Day,0.0
The Fed made another supersize rate increase as it struggles to contain rapid inflation.,"Federal Reserve officials ramped up their battle against the fastest inflation in 40 years on Wednesday, ushering in a third straight supersize rate increase while projecting a more aggressive path ahead for monetary policy, one that would lift interest rates higher and keep them elevated longer.",2022-09-21,Business Day,0.2375
Axel Springer Accused of Failing to Stop Sexual Harassment,"In a lawsuit filed in California, a former employee said the media company did not appropriately handle her complaints about a top editor.",2022-09-21,Business Day,0.08333333333333333
Inflation Is High. How Will Rate Increases Fix That?,The Federal Reserve is raising interest rates to fight inflation. Some economists want more; some politicians want less. What’s the logic?,2022-09-21,Business Day,0.16666666666666669
"What Fed Rate Increases Mean for Mortgages, Credit Cards and More","Savers will benefit and borrowers can expect to pay more on credit cards, student loans and other forms of debt.",2022-09-21,Business Day,0.1875
TikTok Bans Political Fund-Raising Ahead of Midterms,"As the platform draws more political content, it is putting up barriers to prevent politicians from spending or making money by promoting themselves.",2022-09-21,Business Day,0.25
"Allan M. Siegal, Influential Watchdog Inside The Times, Dies at 82","As a top editor who was both feared and revered at the newspaper for decades, he left a deep imprint as its arbiter of language, taste, tone and ethics.",2022-09-21,Business Day,0.16666666666666666
F.D.A. Warning on NyQuil Chicken Alerts Many to Existence of NyQuil Chicken,"Cooking poultry in cold medicine is a bad, dangerous idea that few people seemed to be aware of until the government warning attracted media coverage.",2022-09-21,Technology,-0.37
"C.E.O. of Kraken, the Cryptocurrency Exchange, Steps Down","Jesse Powell, the chief executive, has battled with employees after posting messages about race and gender and urging those who disagreed with his values to leave.",2022-09-21,Technology,0.0
Fed Hikes Interest Rates for a Third Time in a Row,The Federal Reserve raised interest rates by three-quarters of a percentage point in an attempt to lower inflation back to 2 percent.,2022-09-21,Business Day,0.0
Regulators Accuse Amazon of Singling Out Union Organizers for Discipline,"National Labor Relations Board officials said the company had applied its workplace rules unfairly, and asked it to change or scrap the regulations.",2022-09-21,Business Day,-0.5
Twitch Says It Will Reduce Payments for Many Popular Streamers,The video game streaming service is struggling to strike the right balance between popularity and profit.,2022-09-21,Technology,-0.05714285714285716
The Fed Intensifies Its Battle Against Inflation,"Federal Reserve officials made another large rate increase and signaled more to come, pledging to quash inflation despite expected pain.",2022-09-21,Business Day,0.20476190476190478
They Wanted Good Light and a Dog Park. But the Front Door Could Not Face South. ,"Guided by the principles of Vastu Shastra, an ancient Indian philosophy of design, two first-time buyers searched the Brooklyn waterfront for a place where they could start a family.",2022-09-22,Real Estate,0.0
Into the Wilds of Quebec in an Electric Car,A network of fast charging stations in the Canadian province could serve as a template for how to make road trips easier for drivers of electric cars.,2022-09-22,Business Day,0.2
Is the Hyperloop Doomed?,"Though some efforts continue, the once-promising technology has run up against significant challenges — most notably creating an entirely new transit infrastructure.",2022-09-22,Business Day,0.37784090909090906
How to Beat High Mortgage Interest Rates,Consider loans with shorter terms and tactics that build equity.,2022-09-22,Real Estate,0.0
Bad News From the Fed? We’ve Been Here Before.,Fed rate increases are causing pain now. But an inside look at the Volcker era shows that conditions were far worse when the Fed tried different tacks to tame inflation.,2022-09-22,Business Day,-0.12916666666666668
Bank of England Raises Rates Another Half a Point at an Uncertain Time,"Britain is fighting inflation, which is running near its fastest pace in decades. Policies to cap energy costs and cut taxes complicate the outlook.",2022-09-22,Business Day,0.1
"After a Big Rate Increase, Markets Fear a Recession","The Federal Reserve has more jumbo-size interest rises planned, stoking fears of downturns in the housing, labor and stock markets.",2022-09-22,Business Day,0.5
‘They Are Watching’: Inside Russia’s Vast Surveillance State,"A cache of nearly 160,000 files from Russia’s powerful internet regulator provides a rare glimpse inside Vladimir V. Putin’s digital crackdown.",2022-09-22,Technology,0.175
Japan Intervenes to Prop Up the Sliding Yen,The currency’s decline to a point not seen in 24 years prompted the rare action as officials keep interest rates low.,2022-09-22,Business Day,0.13333333333333333
On the Market in the New York Region,"This week’s homes are a six-bedroom in Mount Vernon, N.Y., and a four-bedroom in Stockton, N.J.",2022-09-22,Real Estate,0.0
Homes for Sale in New York and New Jersey,"This week’s homes are a six-bedroom in Mount Vernon, N.Y., and a four-bedroom in Stockton, N.J.",2022-09-22,Real Estate,0.0
On the Market in New York City,"This week’s properties are in Yorkville, Midtown and Spuyten Duyvil.",2022-09-22,Real Estate,0.0
Homes for Sale in the Bronx and Manhattan,"This week’s properties are in Spuyten Duyvil, Yorkville and Midtown.",2022-09-22,Real Estate,0.0
"4-Day Workweek Brings No Loss of Productivity, Companies in Experiment Say","More than 70 companies in Britain are undergoing a six-month experiment in which their employees get a paid day off each week. So far, most companies say it’s going well.",2022-09-22,Business Day,0.3666666666666667
Pandemic Unemployment Fraud Estimate Rises to $45.6 Billion,A federal watchdog tripled its earlier estimate of benefits that the U.S. government paid to people who weren’t entitled to them.,2022-09-22,Business Day,0.0
"Central Banks Accept Pain Now, Fearing Worse Later",Federal Reserve officials and their counterparts around the world are trying to defeat inflation by rapidly raising interest rates. They know it will come at a cost.,2022-09-22,Business Day,0.0
Boeing Reaches $200 Million Settlement With Regulators Over Its 737 Max,"The S.E.C. said Boeing had misled investors by suggesting that human error was to blame for two deadly crashes, and omitting the company’s concerns about the plane.",2022-09-22,Business Day,-0.1
Apple to Sponsor the Super Bowl Halftime Show,Apple’s pursuit of an N.F.L. media package has broadened to include a sponsorship of one of TV’s most-watched events.,2022-09-23,Technology,0.0
"Taller Towers, Fewer Homes","New boutique condo towers, some with fewer apartments than the buildings they replace, are squandering high-density sites in Manhattan, urban planners say.",2022-09-23,Real Estate,0.06818181818181818
Where Online Hate Speech Can Bring the Police to Your Door,"Battling far-right extremism, Germany has gone further than any other Western democracy to prosecute individuals for what they say online, testing the limits of free speech on the internet.",2022-09-23,Technology,0.06875
The Most Dominant Toxic Election Narratives Online,Misleading and divisive posts about the Nov. 8 midterm vote have flooded social media. Here are three prevalent themes.,2022-09-23,Technology,0.03333333333333333
U.K. Markets Rattled by New Government’s Tax and Spending Policies,"Stocks, bonds and the pound were jolted by policy details from the new government that entailed a huge rise in borrowing.",2022-09-23,Business Day,0.2681818181818182
Zelensky Asks Businesses to Join a ‘Marshall Plan’ for Ukraine,Ukraine estimates it would cost $750 billion to rebuild the war-battered country.,2022-09-23,Business Day,0.0
Global Markets Fall on Worries About Inflation and Interest Rates,"The S&P 500 fell 1.7 percent, putting the index on track for a second consecutive weekly decline, and the yield on the 10-year Treasury note, a benchmark for borrowing costs, rose slightly.",2022-09-23,Business Day,0.14444444444444446
Britain makes a risky bet on tax cuts to drive growth.,"The new economic policies are meant to hark back to Thatcher-era policies, but they come at a fraught time for Britain’s public finances.",2022-09-23,Business Day,0.08409090909090909
Oil Prices Tumble to Their Lowest Level Since January,The U.S. benchmark oil price fell below $80 a barrel for the first time since the start of the year.,2022-09-23,Business Day,0.25
A major European stock index falls into a bear market.,"The Stoxx 600 index, which includes large companies from 17 European countries, fell 2.3 percent on Friday, pushing the index down about 21 percent from its Jan. 5 peak.",2022-09-23,Business Day,0.019576719576719564
Are You Finally Back in the Office? Tell Us How You’re Managing,"For those who worked from home for two-and-a-half years and are only now returning to an office, an entire lifestyle needs to be undone or readjusted. We want to hear about it.",2022-09-23,Business Day,0.0
"Irwin Glusker, 98, Dies; Gave American Heritage Its Distinctive Look","A veteran art director, he was best known for his work at the lavish magazine of U.S. history that became a fixture in dens across the country.",2022-09-23,Business Day,0.5
The Fed Appears More Optimistic Than Some Investors. Here’s Why.,"In some corners of the market, investors just don’t see how the Federal Reserve can lower inflation without risking high unemployment.",2022-09-23,Business Day,0.16
Global Markets Tumble as Recession Fears Return,Central banks around the world raised interest rates this week to combat inflation. That’s raising concerns among investors about an economic slump.,2022-09-23,Business Day,0.1
Rail Unions Say Deal Offers Gains on Scheduling; Some Workers Scoff,"The agreement, which headed off a strike last week, must still pass muster with union members.",2022-09-23,Business Day,0.0
LinkedIn Ran Social Experiments on 20 Million Users Over Five Years,A study that looked back at those tests found that relatively weak social connections were more helpful in finding jobs than stronger social ties.,2022-09-24,Business Day,0.03833333333333333
My Condo Has No Gas. Can I Get a Discount?,The law requires every building owner to provide residents with gas or electricity for cooking. Financial remedies are a more complicated matter.,2022-09-24,Real Estate,0.0
This Surveillance Artist Knows How You Got That Perfect Instagram Photo,A tech-savvy artist unearthed video footage of people working hard to capture the perfect shot for Instagram. It is a lesson in the artifice of social media and the ubiquity of surveillance.,2022-09-24,Technology,0.2472222222222222
Millennials Want to Retire at 50. How to Afford It Is Another Matter.,"Dreams of stopping work, or doing only fulfilling work, 15 years before their parents did are colliding with the realities of amassing enough money to do so.",2022-09-24,Business Day,0.0
Moving? Here’s How to Keep Your Costs Low.,"In August, the average cost of a local move in the United States reached a record high of $454, up 12 percent from a year ago, according to one analysis.",2022-09-24,Real Estate,0.003333333333333336
They Were Entitled to Free Care. Hospitals Hounded Them to Pay.,"With the help of a consulting firm, the Providence hospital system trained staff to wring money out of patients, even those eligible for free care.",2022-09-24,Business Day,0.1
Silicon Valley Slides Back Into ‘Bro’ Culture,"Elon Musk, Mark Zuckerberg and Marc Andreessen show how the tech industry’s insular culture remains largely unchanged.",2022-09-24,Technology,0.21428571428571427
Runners and Cyclists Use GPS Mapping to Make Art,"Fitness apps and the power of live satellite tracking have allowed runners, cyclists and others to draw hearts, animals, birthday wishes — and even homages to Vermeer — across their local landscapes.",2022-09-24,Technology,0.06818181818181818
Silicon Valley Had Its Heyday. Can Tech Ecosystems Now Grow Inland?,"The AOL co-founder Steve Case sees a need for entrepreneurial hubs beyond the coasts. “Let’s have it be a few dozen cities,” he says.",2022-09-24,Business Day,-0.2
"While You’re in the Air, Pilots’ Key Partners May Be Working From Home","Two airlines allow dispatchers, who share operational authority over flights, to do their jobs remotely. Some in the industry take issue with that.",2022-09-25,Business Day,-0.1
"Dodging Blackouts, California Faces New Questions on Its Power Supply","Extreme heat is testing the way energy is generated, delivered and traded — and raising the prospect of perpetual emergencies.",2022-09-25,Business Day,-0.125
Homes That Sold for Around $1.5 Million,Recent residential sales in New York City and the region.,2022-09-25,Real Estate,0.06818181818181818
"A Bed-Stuy Mansion Has Become Rubble. Residents Ask: How, and Why?","Despite pleas, protests and petitions, a developer tore down the 120-year-old Jacob Dangler House. Residents are still reflecting on what happened.",2022-09-25,Real Estate,-0.15555555555555559
The Week in Business: The Fed Hits the Brakes,There’s gloom on Wall Street. JetBlue and American Airlines face an antitrust trial. And investors can begin buying shares of the luxury sports carmaker Porsche.,2022-09-25,Business Day,-0.06666666666666667
S&P 500 Hits Lowest Level of 2022 as Global Sell-off Continues,"The drop to the new low, after stocks staged a brief recovery this summer, shows how uncertain the environment for investors has become.",2022-09-26,Business Day,0.04545454545454545
Factory Jobs Are Booming Like It’s the 1970s,"U.S. manufacturing is experiencing a rebound, with companies adding workers amid high consumer demand for products.",2022-09-26,Business Day,0.16
"TikTok Seen Moving Toward U.S. Security Deal, but Hurdles Remain",A draft agreement with the Biden administration to keep the Chinese-owned video app operating in the United States is under review. That could mean more wrangling.,2022-09-26,Technology,0.09375
"For China’s Auto Market, Electric Isn’t the Future. It’s the Present.","More electric cars will be sold in the country this year than in the rest of the world combined, as its domestic market accelerates ahead of the global competition.",2022-09-26,Business Day,0.16666666666666666
"What You Get for $750,000 in California","A Spanish-style cottage in Los Angeles, a two-bedroom home in Sonoma and a fully furnished 1991 house in Joshua Tree.",2022-09-26,Real Estate,0.0
"$750,000 Homes in California","A Spanish-style cottage in Los Angeles, a two-bedroom home in Sonoma and a fully furnished 1991 house in Joshua Tree.",2022-09-26,Real Estate,0.0
China Lets Its Currency Weaken Past a Key Barrier and Tries to Manage the Fall,"The renminbi, which is tightly controlled by China’s central bank, has consistently traded at the weaker end of its range in recent weeks.",2022-09-26,Business Day,0.017857142857142856
Interpol Issues ‘Red Notice’ for South Korean Crypto Founder Do Kwon,"Prosecutors in Seoul issued an arrest warrant last week for Mr. Kwon on charges of violating South Korea’s financial laws. His cryptocurrencies, Luna and TerraUSD, crashed in May.",2022-09-26,Business Day,-0.016666666666666666
British Pound Touches Record Low as Investors Balk at Government’s Tax Plans,"The British currency briefly reached a low point against the U.S. dollar, and statements from the government and central bank did little to steady the markets.",2022-09-26,Business Day,-0.0034722222222222238
European Political Turmoil Roils Global Markets,"Stocks and bonds in Europe and Asia fell on Monday, as did futures in American markets, as developments in Britain and Italy weighed on investors.",2022-09-26,Business Day,0.0
"Peloton, the Troubled Fitness Company, Loses Another Top Executive",The company’s chief marketing officer announced her departure on the heels of a management shake-up that included the exit of two of its founders.,2022-09-26,Business Day,0.0
$500 a Month for an Entire Floor in Brooklyn,"Jens Rasmussen and Maria Aparo couldn’t walk away from Mr. Rasmussen’s spacious loft in Greenpoint, which is covered under New York’s 1982 Loft Law.",2022-09-26,Real Estate,0.13636363636363635
TikTok May Face $29 Million Fine for Failing to Protect Children’s Privacy,"British regulators have sent a warning notice to the company, the first major case under new rules in Britain that protect minors online.",2022-09-26,Technology,0.11221590909090909
Why a Weak British Pound Matters,"Investors briefly sent the pound to a record low against the dollar, which has implications for people and businesses inside and outside Britain.",2022-09-26,Business Day,0.0
The Dollar Is Strong. That Is Good for the U.S. but Bad for the World.,"The Federal Reserve may have no choice but to wage a relentless inflation fight, but countries rich and poor are feeling the pain of plunging currencies.",2022-09-26,Business Day,-0.012500000000000011
"The world economy is slowing more than expected, a new forecast shows.","The global economy is paying “a very heavy price” for Russia’s war in Ukraine, the Organization for Economic Cooperation and Development said.",2022-09-26,Business Day,-0.02
Are Your Patients Worried About the Polio Vaccine?,We want to hear from you.,2022-09-26,Technology,0.0
King Charles Bank Notes Won’t Circulate Until Mid-2024,"The likenesses of King Charles III and Queen Elizabeth II will be in circulation simultaneously in Britain, the Bank of England said.",2022-09-26,Business Day,0.0
Biogen Agrees to Pay $900 Million to Settle Lawsuit Over Kickbacks,The company was accused of illegally paying doctors to prescribe its drugs over those of its rivals.,2022-09-27,Business Day,-0.5
U.S. Suit Over Alliance of American Airlines and JetBlue Goes to Trial,The Justice Department antitrust case contends that the carriers’ cooperation in Boston and New York reduces competition.,2022-09-27,Business Day,0.13636363636363635
An Israel-Lebanon Border Deal Could Increase Natural Gas Supplies,Offshore gas fields in the Mediterranean could become one of several new energy sources for European countries as they seek independence from Russia.,2022-09-27,Business Day,0.04545454545454545
"Dating Apps Thrive in China, but Not Just for Romance","China has cracked down on many tech companies, but has allowed dating apps that provide social connections to flourish.",2022-09-27,Technology,0.1259259259259259
At Home With Jacques Pépin,"The celebrated chef has a Connecticut property with two kitchens, an herb-and-vegetable garden and a dog named Gaston. And yes, he has a new cookbook.",2022-09-27,Real Estate,0.24318181818181817
"At 86, Jacques Pépin Isn’t Slowing Down","The celebrated chef lives in Madison, Conn., on a property with two kitchens, an herb-and-vegetable garden and a dog named Gaston. And yes, he has a new cookbook out.",2022-09-27,Real Estate,0.24318181818181817
The British Pound Is on Parity Watch,"Global markets rebounded on Tuesday, but traders continue to worry about Britain’s risky pro-growth fiscal policies.",2022-09-27,Business Day,0.0
Meta Removes Chinese Effort to Influence U.S. Elections,The parent of Facebook and Instagram said that it had taken down what was the first targeted Chinese campaign to interfere in U.S. politics and that the effort was limited.,2022-09-27,Technology,0.005753968253968247
"At Car Lots, the Best Deal May Be the Real Estate","The rising cost of land in city centers, an increased interest in walkable neighborhoods and growth in online car shopping have made urban dealerships tempting targets for redevelopment.",2022-09-27,Business Day,0.0
Currencies around the world are tumbling. Except Bitcoin.,"The cryptocurrency has risen 6.5 percent over the past seven days, bucking the trend as a strong dollar sinks other currencies.",2022-09-27,Business Day,-0.010416666666666678
"A $100 Million Deli? Not So Fast, U.S. Prosecutors Say.","The Justice Department charged three men with fraud for their role in a scheme to bolster the value of a New Jersey sandwich shop that brought in less than $40,000 in annual sales.",2022-09-27,Business Day,-0.015151515151515152
Inflation Has Hit Tenants Hard. What About Their Landlords?,"Publicly traded corporate landlords are reporting some of their highest margins ever, while smaller operators say rent increases are eaten up by costs.",2022-09-27,Business Day,0.0
"In a World of Chaos, Fed Officials Are Still Hoping for a Soft Landing",Federal Reserve officials say they can cool down the economy without causing a recession. They admit that there are risks.,2022-09-27,Business Day,0.0972222222222222
British Central Bank Will Have ‘Significant’ Response to Government’s Fiscal Plans,"The Bank of England’s chief economist offered a first glimpse into how it will assess the government’s sweeping package of tax cuts, borrowing and spending.",2022-09-27,Business Day,0.25
"C.E.O. of Celsius, the Crypto Bank, Resigns","Alex Mashinsky, the founder of Celsius, which filed for bankruptcy in July, said his role had “become an increasing distraction.”",2022-09-27,Technology,0.0
Lawsuit Seeks to Block Biden’s Student Debt Cancellation Plan,A lawyer at a conservative legal group said in a complaint that he would personally be financially harmed by the government’s approach.,2022-09-27,Business Day,-0.033333333333333326
Texting on Private Apps Costs Wall Street Firms $1.8 Billion in Fines,The S.E.C. fined several big banks for not monitoring employees who used private apps to discuss work or preserving those messages.,2022-09-27,Business Day,0.0
Alzheimer’s Drug Slows Cognitive Decline in Key Study,"Biogen and Eisai reported the finding from a large late-stage clinical trial of lecanemab, a drug they are developing.",2022-09-28,Business Day,0.21428571428571427
"On Portugal’s ‘Bitcoin Beach,’ Crypto Optimism Still Reigns","In crypto havens such as Meia Praia beach, the confidence in digital currencies remains undimmed even after this summer’s crash.",2022-09-28,Technology,0.0
The Long Road to Driverless Trucks,Self-driving eighteen-wheelers are now on highways in states like California and Texas. But there are still human “safety drivers” behind the wheel. What will it take to get them out?,2022-09-28,Business Day,-0.2
Can a Telehealth Start-Up Add a Layer of Support to Pregnancy Care?,"The goal of Poppy Seed Health is to connect underserved pregnant women to nurses, midwives and doulas who can offer on-demand assistance.",2022-09-28,Business Day,0.3333333333333333
The Crypto World Is on Edge After a String of Hacks,"More than $2 billion in digital currency has been stolen in hacks this year, shaking faith in the experimental field of decentralized finance, known as DeFi.",2022-09-28,Technology,0.19999999999999998
"After Pandemic Barriers, Can Hong Kong Recover as a Global Metropolis?","Officials are saying the city will bounce back. But even before 2020, Chinese control was changing Hong Kong’s character and driving people away.",2022-09-28,Business Day,0.0
How to Read the Cryptic Messages on Leaves,Those strange marks on your leaves may not be evidence of disease. They may be leaf mines or galls — and that’s a good thing.,2022-09-28,Real Estate,0.32499999999999996
Those Weird Marks on Your Leaves? Here’s How to Decipher Them.,Don’t jump to the conclusion that those mysterious marks are evidence of disease. They may be leaf mines or galls — and that’s a good thing.,2022-09-28,Real Estate,0.35
"Living In ... Athens, N.Y.","With historic architecture, stunning river views and a lower-key vibe than other upstate areas, this Greene County community is growing in popularity.",2022-09-28,Real Estate,0.125
"Athens, N.Y.: A ‘Perfect Combination of Old and New’ on the Hudson","With historic architecture, stunning river views and a lower-key vibe than other upstate areas, this Greene County community is growing in popularity.",2022-09-28,Real Estate,0.125
"What You Get for $380,000","A Victorian cottage in Galveston, Texas; a 1900 rowhouse in Baltimore; and a one-bedroom apartment in Jersey City, N.J.",2022-09-28,Real Estate,0.0
"$380,000 Homes in Texas, Maryland and New Jersey","A Victorian cottage in Galveston, a 1900 rowhouse in Baltimore and a one-bedroom apartment in Jersey City.",2022-09-28,Real Estate,0.0
"To Calm Markets, Bank of England Will Buy Bonds on ‘Whatever Scale Is Necessary’","The purchases are designed “to restore orderly market conditions,” the central bank said, after days of turmoil that followed the government’s plan for sweeping tax cuts and higher borrowing.",2022-09-28,Business Day,0.125
"A Woodsy Retreat in County Cork, Ireland, for $1.3 Million","This three-bedroom house overlooking Bantry Bay, near the village of Glengarriff in County Cork, Ireland, is on the market for $1.3 million.",2022-09-28,Real Estate,0.1
House Hunting in Ireland: Bayside Serenity in County Cork for $1.3 Million,"A spate of 2021 sales across Ireland has left a scant supply of homes, with many city dwellers taking their remote work to the country.",2022-09-28,Real Estate,0.13333333333333333
‘Act of Sabotage’ Hits Europe’s Energy and Stocks Markets,"Natural gas prices soared in Europe and stocks fell, as officials  investigate the causes of the Nordstream 1 and 2 gas pipeline explosions.",2022-09-28,Business Day,0.1
Stuck on the Streets of San Francisco in a Driverless Car,A reporter and a photographer went for a ride in an experimental autonomous vehicle operated by the General Motors subsidiary Cruise. There were bumps in the road.,2022-09-28,Technology,0.18333333333333335
Lululemon Hopes to Showcase Home Fitness Business With Membership Program,"The athleisure brand bought the interactive fitness company Mirror for $500 million in 2020, when at-home workouts were booming because of Covid lockdowns.",2022-09-28,Business Day,0.0
"MacKenzie Scott, Billionaire Philanthropist, Files for Divorce","Less than two years after announcing the marriage and their intent to give money away together, Ms. Scott has parted ways with her second husband, a teacher.",2022-09-28,Business Day,-0.08333333333333333
Wall Street rebounds from a week of turmoil.,"The S&P 500 rose at the beginning of trading after six consecutive days of trading, the longest streak since the beginning of the pandemic.",2022-09-28,Business Day,0.6
Google to Make Search and Maps More ‘Immersive’,"From more photo-based results to neighborhood “vibe” checks, the company announced updates meant to keep two of its most popular products on trend.",2022-09-28,Technology,0.5333333333333333
"Pound’s Swoon Echoes Declines in British Power, Past and Present","The Bank of England had to step in Wednesday after markets deemed a new government economic plan unwise, but the pound has been on a longer slide.",2022-09-28,Business Day,0.16818181818181818
On the Market in the New York Region,"This week’s properties are in Brooklyn Heights, Greenwich Village and the Flatiron district.",2022-09-28,Real Estate,0.0
U.S. and Russia Duel Over Leadership of U.N. Tech Group,"Member countries vote on Thursday for an American or a Russian to lead the International Telecommunication Union, which sets standards for new technologies.",2022-09-28,Technology,0.03409090909090909
Banks Accuse Consumer Regulator of Abuse of Power,"Several banking trade groups have sued the Consumer Financial Protection Bureau, claiming it has exceeded its authority with anti-discrimination enforcement.",2022-09-28,Business Day,0.0
"Bill Plante, CBS News’s Man at the White House, Dies at 84","He covered four presidencies in a 52-year career and never worried about “offending those in power in pursuit of answers,” one former White House press secretary said.",2022-09-28,Business Day,0.0
Newsom Signs California Bill to Ease Farm Union Voting,"The governor’s decision, after a veto last year, will allow mail voting in unionization elections. President Biden had pushed for approval.",2022-09-29,Business Day,0.0
"Buying a Westchester House ‘for the Dogs,’ but Could They Survive a Bidding War?","With up to $800,000 to spend, a young couple with two new rescue dogs sought a starter house somewhere in southern Westchester County. They didn’t realize how fierce the competition would be.",2022-09-29,Real Estate,0.07878787878787878
How McKinsey Got Into the Business of Addiction,"The consulting firm’s work with opioid makers is well known, but for decades McKinsey worked with Big Tobacco and has also advised Juul, the e-cigarette company.",2022-09-29,Business Day,-0.1
The Rise of the Hand-Painted Billboard,"As digital fatigue from the pandemic grows, hand-painted billboards are making a comeback.",2022-09-29,Business Day,0.0
Porsche Takes off in Trading Debut,"Shares in the sportscar maker gained on Thursday, outperforming the wider market.",2022-09-29,Business Day,0.0
Homes for Sale in Brooklyn and Manhattan,"This week’s properties are in Brooklyn Heights, Greenwich Village and the Flatiron district.",2022-09-29,Real Estate,0.0
On the Market in the New York Region,"This week’s properties are four-bedroom homes in Port Chester, N.Y., and Fairfield, Conn.",2022-09-29,Real Estate,0.0
Homes for Sale in New York and Connecticut,"This week’s properties are four-bedroom homes in Port Chester, N.Y., and Fairfield, Conn.",2022-09-29,Real Estate,0.0
Hurricane Ian’s Devastation Shows the Challenge of Pricing Climate Risk,"As severe weather events become more frequent, pricing the risk associated with them will only get trickier.",2022-09-29,Business Day,0.19999999999999998
German Inflation Soars to Double Digits for First Time in Decades,"Consumer prices rose 10.9 percent over the year through September, much higher than expected, driven by high energy and food prices.",2022-09-29,Business Day,0.2275
"U.S. Economy Weaker Than Thought in Year’s First Half, by One Measure","Gross domestic income, adjusted for inflation, grew more modestly than first estimated. Unlike gross domestic product, though, it remained positive.",2022-09-29,Business Day,0.1346590909090909
Does Your House Earn $266 a Day?,A day-by-day look at the long-term increases in single-family-home prices.,2022-09-29,Real Estate,0.0
Porsche Shares Jump in Blockbuster Market Debut,"Volkswagen spun off the German carmaker on the Frankfurt Stock Exchange, where its stock began trading higher despite a broader decline in European markets.",2022-09-29,Business Day,0.08333333333333333
"Even as Oil Prices Ease, U.S. Keeps Tapping Strategic Reserve",The administration’s move has brought down gasoline prices. Some experts say continued withdrawals could test the nation’s energy security.,2022-09-29,Business Day,-0.15555555555555559
China’s ‘Absurd’ Covid Propaganda Stirs Rebellion,"The use of propaganda in the country has been on overdrive in the pandemic, with some Chinese citizens arguing the language has bordered on “nonsense.”",2022-09-29,Business Day,-0.05
Wall Street’s Drop Resumes as Specter of Economic Slump Hangs Over Markets,"Investors are worried about a global slowdown as central bankers take a hard line against inflation, looking to cool the economy by raising interest rates.",2022-09-29,Business Day,0.014583333333333323
Fed Announces Plan to Assess Climate Risks to Banks,"The Federal Reserve will put big banks through climate scenario tests next year, but the exercises will not force banks to raise capital.",2022-09-29,Business Day,0.0
"With Mortgage Rates Soaring, the Housing Market Takes Another Hit","As the average 30-year mortgage rate eclipses 7 percent, home buyers and sellers are confronting sticker shock.",2022-09-29,Real Estate,-0.15
Google to Shut Down Stadia Video Game Streaming Service,"After nearly three years, Google has decided to winnow its video game ambitions because Stadia was less popular than it had anticipated.",2022-09-29,Technology,0.033333333333333326
"Meta Will Freeze Most Hiring, Zuckerberg Tells Employees",The company’s chief executive had signaled for several months that he wanted to rein in costs as he shifts attention toward the metaverse.,2022-09-29,Technology,0.0
"David Gottesman, 96, Wall St. Power and Warren Buffett Partner, Dies","He founded the investment house First Manhattan and, after befriending him in the 1960s, pursued enormously lucrative deals with Mr. Buffett.",2022-09-29,Business Day,0.125
A Mansion With Hermès Leather Walls Sells for $48 Million,"The palatial home, at 8 East 62nd Street, was the most expensive closed sale in New York City this month. Other closings included one of Brooklyn’s priciest properties.",2022-09-30,Real Estate,-0.01772727272727273
Bonds May Be Having Their Worst Year Yet,"This has been the most devastating time for bonds since at least 1926, and maybe in centuries. But, our columnist writes, much of the damage is already behind us.",2022-09-30,Business Day,-0.2
Grand-mates: Generations Sharing a Special Bond (and Sometimes the Rent),"More young adults are moving in with their grandparents, in a trend known as “skipped-generation” households.",2022-09-30,Real Estate,0.3
"For 20-Somethings, a Confusing Rite of Passage: Finding Health Insurance","Whether you’re turning 26 and about to age out of a parent’s plan or just landing a job with benefits, finding coverage is a tricky task.",2022-09-30,Business Day,0.0
"Eurozone Inflation Sets Another Record, Hitting 10 Percent in September",Jumps in energy and food prices again pushed inflation in the 19 countries that use the euro to the highest annual rate recorded since the currency was created.,2022-09-30,Business Day,0.0
China Gets Its First mRNA Vaccine Approval — in Indonesia,"Indonesia has cleared an mRNA Covid-19 vaccine developed by a Chinese company. But those types of shots, considered among the most effective, aren’t yet available in China.",2022-09-30,Business Day,0.32
The Markets Face a Rare Double Decline,"The losses in tech stocks and bonds is wrecking investor portfolios, and analysts warn of more sell-offs.",2022-09-30,Business Day,0.5
The Fed’s Preferred Inflation Measure Remains Stubbornly High,"Inflation remains far above the Federal Reserve’s goal, and prices climbed more quickly than economists expected in August.",2022-09-30,Business Day,0.16666666666666669
Consumers kept spending in August amid rising earnings.,"Americans earned more and spent more in August, the latest sign that the economic recovery remains on track despite rising interest rates.",2022-09-30,Business Day,0.31999999999999995
Wall Street ends an ugly quarter with another volatile day.,"The S&P 500 on course for its third straight weekly fall and its third straight quarterly slump, the kinds of losses investors have not faced since 2009.",2022-09-30,Business Day,0.1
‘You Can Feel the Fear’: U.K. Borrowers Face Up to a Broken Mortgage Market,"The financial turmoil in Britain has led to soaring interest rates, prompting many lenders to withdraw products and stoking worry among homeowners about rising costs.",2022-09-30,Business Day,0.25
